{"cameraMode":{"drawMode":0,"name":"Shaded","section":"Shading Mode"},"sceneLighting":true,"audioPlay":false,"sceneViewState":{"m_AlwaysRefresh":false,"showFog":true,"showSkybox":true,"showFlares":true,"showImageEffects":true,"showParticleSystems":true,"showVisualEffectGraphs":true,"m_FxEnabled":true},"in2DMode":false,"pivot":{"x":4.71787166595459,"y":-165.46640014648438,"z":172.83880615234376},"rotation":{"x":-0.38182228803634646,"y":-0.013311555609107018,"z":0.005501211620867252,"w":-0.9241161942481995},"size":134.88856506347657,"orthographic":false}